Spacecraft,Vehicle,Launch,Return,Mission Number,Status,Earth Orbit,Lunar Orbit,Station Visited,Destination
Vostok 1,Vostok-K,"21 Apr, 1961 6:07","21 Apr, 1961 7:55",1,Returned,TRUE,FALSE,,Earth Orbit
Mercury-Redstone 3,Mercury-Redstone Launch Vehicle,"5 May, 1961 14:34","5 May, 1961 14:49",2,Returned,FALSE,FALSE,,Non-orbital space
Mercury-Redstone 4,Mercury-Redstone Launch Vehicle,"21 Jul, 1961 12:20","21 Jul, 1961 12:36",3,Returned,FALSE,FALSE,,Non-orbital space
Vostok 2,Vostok-K,"6 Aug, 1961 6:00","7 Aug, 1961 7:18",4,Returned,TRUE,FALSE,,Earth Orbit
Mercury-Atlas 6,Atlas LV-3B,"20 Feb, 1962 14:47","20 Feb, 1962 19:43",5,Returned,TRUE,FALSE,,Earth Orbit
Mercury-Atlas 7,Atlas LV-3B,"24 May, 1962 12:45","24 May, 1962 17:41",6,Returned,TRUE,FALSE,,Earth Orbit
Vostok 3,Vostok-K,"11 Aug, 1962 8:24","15 Aug, 1962 6:52",7,Returned,TRUE,FALSE,,Earth Orbit
Vostok 4,Vostok-K,"12 Aug, 1962 8:02","15 Aug, 1962 6:59",8,Returned,TRUE,FALSE,,Earth Orbit
Mercury-Atlas 8,Atlas LV-3B,"3 Oct, 1962 12:15","3 Oct, 1962 21:28",9,Returned,TRUE,FALSE,,Earth Orbit
Mercury-Atlas 9,Atlas LV-3B,"15 May, 1963 13:04","16 May, 1963 23:24",10,Returned,TRUE,FALSE,,Earth Orbit
Vostok 5,Vostok-K,"14 Jun, 1963 11:58","19 Jun, 1963 11:06",11,Returned,TRUE,FALSE,,Earth Orbit
Vostok 6,Vostok-K,"16 Jun, 1963 9:29","19 Jun, 1963 8:20",12,Returned,TRUE,FALSE,,Earth Orbit
"X-15, Flight 90",X-15,"19 Jul, 1963 18:20","19 Jul, 1963 18:31",13,Returned,FALSE,FALSE,,Non-orbital space
"X-15, Flight 91",X-15,"22 Aug, 1963 18:05","22 Aug, 1963 18:17",14,Returned,FALSE,FALSE,,Non-orbital space
Voskhod 1,Voskhod,"12 Oct, 1964 7:30","13 Oct, 1964 7:47",15,Returned,TRUE,FALSE,,Earth Orbit
Voskhod 2,Voskhod,"18 Mar, 1965 7:00","19 Mar, 1965 9:02",16,Returned,TRUE,FALSE,,Earth Orbit
Gemini 3,Titan II GLV,"23 Mar, 1965 14:24","23 Mar, 1965 19:17",17,Returned,TRUE,FALSE,,Earth Orbit
Gemini 4,Titan II GLV,"3 Jun, 1965 15:16","7 Jun, 1965 17:12",18,Returned,TRUE,FALSE,,Earth Orbit
Gemini 5,Titan II GLV,"21 Aug, 1965 14:00","29 Aug, 1965 12:55",19,Returned,TRUE,FALSE,,Earth Orbit
Gemini 7,Titan II GLV,"4 Dec, 1965 19:30","18 Dec, 1965 14:05",20,Returned,TRUE,FALSE,,Earth Orbit
Gemini 6,Titan II GLV,"15 Dec, 1965 13:37","16 Dec, 1965 15:28",21,Returned,TRUE,FALSE,,Earth Orbit
Gemini 8,Titan II GLV,"16 Mar, 1966 16:41","17 Mar, 1966 3:22",22,Returned,TRUE,FALSE,,Earth Orbit
Gemini 9,Titan II GLV,"3 Jun, 1966 13:39","6 Jun, 1966 14:00",23,Returned,TRUE,FALSE,,Earth Orbit
Gemini 10,Titan II GLV,"18 Jul, 1966 22:20","21 Jul, 1966 21:07",24,Returned,TRUE,FALSE,,Earth Orbit
Gemini 11,Titan II GLV,"12 Sep, 1966 14:42","15 Sep, 1966 13:59",25,Returned,TRUE,FALSE,,Earth Orbit
Gemini 12,Titan II GLV,"11 Nov, 1966 20:46","15 Nov, 1966 19:21",26,Returned,TRUE,FALSE,,Earth Orbit
Soyuz 1,Soyuz,"23 Apr, 1967 0:35","24 Apr, 1967 3:22",27,Fail-to-land,TRUE,FALSE,,Earth Orbit
Apollo 7,Saturn IB,"11 Oct, 1968 15:02","22 Oct, 1968 11:11",28,Returned,TRUE,FALSE,,Earth Orbit
Soyuz 3,Soyuz-U,"26 Oct, 1968 8:34","30 Oct, 1968 7:25",29,Returned,TRUE,FALSE,,Earth Orbit
Apollo 8,Saturn V,"21 Dec, 1968 12:51","27 Dec, 1968 15:52",30,Returned,TRUE,TRUE,,Moon
Soyuz 4,Soyuz,"14 Jan, 1969 7:30","17 Jan, 1969 6:51",31,Returned,TRUE,FALSE,,Earth Orbit
Soyuz 5,Soyuz,"15 Jan, 1969 7:04","18 Jan, 1969 7:58",32,Returned,TRUE,FALSE,,Earth Orbit
Apollo 9,Saturn V,"3 Mar, 1969 16:00","13 Mar, 1969 17:01",33,Returned,TRUE,FALSE,,Earth Orbit
Apollo 10,Saturn V,"18 May, 1969 16:49","26 May, 1969 16:52",34,Returned,TRUE,TRUE,,Moon
Apollo 11,Saturn V,"16 Jul, 1969 13:32","24 Jul, 1969 16:51",35,Returned,TRUE,TRUE,,Moon
Soyuz 6,Soyuz,"11 Oct, 1969 11:10","16 Oct, 1969 9:53",36,Returned,TRUE,FALSE,,Earth Orbit
Soyuz 7,Soyuz,"12 Oct, 1969 10:44","17 Oct, 1969 9:24",37,Returned,TRUE,FALSE,,Earth Orbit
Soyuz 8,Soyuz,"13 Oct, 1969 10:19","18 Oct, 1969 9:10",38,Returned,TRUE,FALSE,,Earth Orbit
Apollo 12,Saturn V,"14 Nov, 1969 16:22","24 Nov, 1969 20:58",39,Returned,TRUE,TRUE,,Moon
Apollo 13,Saturn V,"11 Apr, 1970 19:13","17 Apr, 1970 18:08",40,Returned,TRUE,TRUE,,Moon
Soyuz 9,Soyuz,"1 Jun, 1970 19:00","19 Jun, 1970 11:59",41,Returned,TRUE,FALSE,,Earth Orbit
Apollo 14,Saturn V,"31 Jan, 1971 21:03","9 Feb, 1971 21:05",42,Returned,TRUE,TRUE,,Moon
Soyuz 10,Soyuz,"22 Apr, 1971 23:54","24 Apr, 1971 23:40",43,Returned,TRUE,FALSE,Salyut 1,Other Space station
Soyuz 11,Soyuz,"6 Jun, 1971 4:55","29 Jun, 1971 23:16",44,Fail-to-land,TRUE,FALSE,Salyut 1,Other Space station
Apollo 15,Saturn V,"26 Jul, 1971 13:34","7 Aug, 1971 20:46",45,Returned,TRUE,TRUE,,Moon
Apollo 16,Saturn V,"16 Apr, 1972 17:54","27 Apr, 1972 19:45",46,Returned,TRUE,TRUE,,Moon
Apollo 17,Saturn V,"7 Dec, 1972 5:33","19 Dec, 1972 19:25",47,Returned,TRUE,TRUE,,Moon
Skylab 2,Saturn IB,"25 May, 1973 13:00","22 Jun, 1973 13:50",48,Returned,TRUE,FALSE,Skylab,Other Space station
Skylab 3,Saturn IB,"28 Jul, 1973 11:10","25 Sep, 1973 22:20",49,Returned,TRUE,FALSE,Skylab,Other Space station
Soyuz 12,Soyuz,"27 Sep, 1973 12:18","29 Sep, 1973 11:33",50,Returned,TRUE,FALSE,,Earth Orbit
Skylab 4,Saturn IB,"16 Nov, 1973 14:01","8 Feb, 1974 15:16",51,Returned,TRUE,FALSE,Skylab,Other Space station
Soyuz 13,Soyuz,"18 Dec, 1973 11:55","26 Dec, 1973 8:51",52,Returned,TRUE,FALSE,,Earth Orbit
Soyuz 14,Soyuz,"3 Jul, 1974 18:51","19 Jul, 1974 12:21",53,Returned,TRUE,FALSE,Salyut 3,Other Space station
Soyuz 15,Soyuz,"26 Aug, 1974 10:08","28 Aug, 1974 10:20",54,Returned,TRUE,FALSE,,Earth Orbit
Soyuz 16,Soyuz-U,"2 Dec, 1974 15:00","8 Dec, 1974 13:24",55,Returned,TRUE,FALSE,,Earth Orbit
Soyuz 17,Soyuz,"10 Jan, 1975 21:43","9 Feb, 1975 11:03",56,Returned,TRUE,FALSE,Salyut 4,Other Space station
Soyuz 18A,Soyuz,"5 Apr, 1975 14:58","5 Apr, 1975 15:19",57,Returned,FALSE,FALSE,,Non-orbital space
Soyuz 18B,Soyuz,"24 May, 1975 14:58","26 Jul, 1975 14:18",58,Returned,TRUE,FALSE,Salyut 4,Other Space station
Apollo 18-ASTP,Saturn IB,"15 Jul, 1975 12:20","24 Jul, 1975 13:48",60,Returned,TRUE,FALSE,,Earth Orbit
Soyuz 19-ASTP,Soyuz-U,"15 Jul, 1975 14:58","21 Jul, 1975 13:29",59,Returned,TRUE,FALSE,,Earth Orbit
Soyuz 21,Soyuz,"6 Jul, 1976 12:08","24 Aug, 1976 18:32",61,Returned,TRUE,FALSE,Salyut 5,Other Space station
Soyuz 22,Soyuz,"15 Sep, 1976 9:48","23 Sep, 1976 7:40",62,Returned,TRUE,FALSE,,Earth Orbit
Soyuz 23,Soyuz,"14 Oct, 1976 17:39","16 Oct, 1976 17:46",63,Returned,TRUE,FALSE,,Earth Orbit
Soyuz 24,Soyuz-U,"7 Feb, 1977 16:11","25 Feb, 1977 9:38",64,Returned,TRUE,FALSE,Salyut 5,Other Space station
Soyuz 25,Soyuz-U,"9 Oct, 1977 2:40","11 Oct, 1977 3:25",65,Returned,TRUE,FALSE,,Earth Orbit
Soyuz 26,Soyuz-U,"10 Dec, 1977 1:18","16 Jan, 1978 11:24",66,Returned,TRUE,FALSE,Salyut 6,Other Space station
Soyuz 27,Soyuz-U,"10 Jan, 1978 12:26","16 Mar, 1978 11:19",67,Returned,TRUE,FALSE,Salyut 6,Other Space station
Soyuz 28,Soyuz-U,"2 Mar, 1978 15:28","10 Mar, 1978 13:44",68,Returned,TRUE,FALSE,Salyut 6,Other Space station
Soyuz 29,Soyuz-U,"15 Jun, 1978 20:16","3 Sep, 1978 11:40",69,Returned,TRUE,FALSE,Salyut 6,Other Space station
Soyuz 30,Soyuz-U,"27 Jun, 1978 15:27","5 Jul, 1978 13:30",70,Returned,TRUE,FALSE,Salyut 6,Other Space station
Soyuz 31,Soyuz-U,"26 Aug, 1978 14:51","2 Nov, 1978 11:04",71,Returned,TRUE,FALSE,Salyut 6,Other Space station
Soyuz 32,Soyuz-U,"25 Feb, 1979 11:53","13 Jun, 1979 16:18",72,Returned,TRUE,FALSE,Salyut 6,Other Space station
Soyuz 33,Soyuz-U,"10 Apr, 1979 17:34","12 Apr, 1979 16:35",73,Returned,TRUE,FALSE,,Earth Orbit
Soyuz 34,Soyuz-U,"6 Jun, 1979 18:12","19 Aug, 1979 12:29",74,Returned,TRUE,FALSE,Salyut 6,Other Space station
Soyuz 35,Soyuz-U,"10 Apr, 1980 1:16","4 Jun, 1980 2:44",75,Returned,TRUE,FALSE,Salyut 6,Other Space station
Soyuz 36,Soyuz-U,"26 May, 1980 18:20","31 Jul, 1980 15:14",76,Returned,TRUE,FALSE,Salyut 6,Other Space station
Soyuz T-2,Soyuz-U,"5 Jun, 1980 14:19","9 Jun, 1980 12:39",77,Returned,TRUE,FALSE,Salyut 6,Other Space station
Soyuz 37,Soyuz-U,"23 Jul, 1980 18:33","11 Oct, 1980 9:50",78,Returned,TRUE,FALSE,Salyut 6,Other Space station
Soyuz 38,Soyuz-U,"18 Sep, 1980 19:11","26 Sep, 1980 15:54",79,Returned,TRUE,FALSE,Salyut 6,Other Space station
Soyuz T-3,Soyuz-U,"27 Nov, 1980 14:18","10 Dec, 1980 9:26",80,Returned,TRUE,FALSE,Salyut 6,Other Space station
Soyuz T-4,Soyuz-U,"12 Mar, 1981 19:00","26 May, 1981 12:37",81,Returned,TRUE,FALSE,Salyut 6,Other Space station
Soyuz 39,Soyuz-U,"22 Mar, 1981 14:58","30 Mar, 1981 11:40",82,Returned,TRUE,FALSE,Salyut 6,Other Space station
"STS-1, Columbia",Space Shuttle,"12 Apr, 1981 12:00","14 Apr, 1981 18:22",83,Returned,TRUE,FALSE,,Earth Orbit
Soyuz 40,Soyuz-U,"14 May, 1981 17:16","22 May, 1981 14:58",84,Returned,TRUE,FALSE,Salyut 6,Other Space station
"STS-2, Columbia",Space Shuttle,"12 Nov, 1981 15:10","14 Nov, 1981 21:24",85,Returned,TRUE,FALSE,,Earth Orbit
"STS-3, Columbia",Space Shuttle,"22 Mar, 1982 16:00","30 Mar, 1982 16:06",86,Returned,TRUE,FALSE,,Earth Orbit
Soyuz T-5,Soyuz-U,"13 May, 1982 9:58","27 Aug, 1982 15:04",87,Returned,TRUE,FALSE,Salyut 7,Other Space station
Soyuz T-6,Soyuz-U,"24 Jun, 1982 16:29","2 Jul, 1982 14:20",88,Returned,TRUE,FALSE,Salyut 7,Other Space station
"STS-4, Columbia",Space Shuttle,"27 Jun, 1982 15:00","4 Jul, 1982 16:11",89,Returned,TRUE,FALSE,,Earth Orbit
Soyuz T-7,Soyuz-U,"19 Aug, 1982 17:11","10 Dec, 1982 19:02",90,Returned,TRUE,FALSE,Salyut 7,Other Space station
"STS-5, Columbia",Space Shuttle,"11 Nov, 1982 12:19","16 Nov, 1982 14:34",91,Returned,TRUE,FALSE,,Earth Orbit
"STS-6, Challenger",Space Shuttle,"4 Apr, 1983 18:30","9 Apr, 1983 18:55",92,Returned,TRUE,FALSE,,Earth Orbit
Soyuz T-8,Soyuz-U,"20 Apr, 1983 13:10","22 Apr, 1983 13:28",93,Returned,TRUE,FALSE,,Earth Orbit
"STS-7, Challenger",Space Shuttle,"18 Jun, 1983 11:33","24 Jun, 1983 13:58",94,Returned,TRUE,FALSE,,Earth Orbit
Soyuz T-9,Soyuz-U,"27 Jun, 1983 9:12","23 Nov, 1983 19:58",95,Returned,TRUE,FALSE,Salyut 7,Other Space station
"STS-8, Challenger",Space Shuttle,"30 Aug, 1983 6:32","5 Sep, 1983 7:42",96,Returned,TRUE,FALSE,,Earth Orbit
"STS-9, Columbia",Space Shuttle,"28 Nov, 1983 16:00","8 Dec, 1983 23:48",97,Returned,TRUE,FALSE,,Earth Orbit
"41-B, Challenger",Space Shuttle,"3 Feb, 1984 13:00","11 Feb, 1984 12:17",98,Returned,TRUE,FALSE,,Earth Orbit
Soyuz T-10B,Soyuz-U,"8 Feb, 1984 12:07","11 Apr, 1984 10:48",99,Returned,TRUE,FALSE,Salyut 7,Other Space station
Soyuz T-11,Soyuz-U,"3 Apr, 1984 13:08","2 Oct, 1984 10:57",100,Returned,TRUE,FALSE,Salyut 7,Other Space station
"41-C, Challenger",Space Shuttle,"6 Apr, 1984 13:58","13 Apr, 1984 13:39",101,Returned,TRUE,FALSE,,Earth Orbit
Soyuz T-12,Soyuz-U2,"17 Jul, 1984 17:40","29 Jul, 1984 12:55",102,Returned,TRUE,FALSE,Salyut 7,Other Space station
"41-D, Discovery",Space Shuttle,"30 Aug, 1984 12:41","5 Sep, 1984 13:38",103,Returned,TRUE,FALSE,,Earth Orbit
"41-G, Challenger",Space Shuttle,"5 Oct, 1984 11:03","13 Oct, 1984 16:28",104,Returned,TRUE,FALSE,,Earth Orbit
"51-A, Discovery",Space Shuttle,"8 Nov, 1984 12:15","16 Nov, 1984 12:01",105,Returned,TRUE,FALSE,,Earth Orbit
"51-C, Discovery",Space Shuttle,"24 Jan, 1985 19:50","27 Jan, 1985 21:24",106,Returned,TRUE,FALSE,,Earth Orbit
"51-D, Discovery",Space Shuttle,"12 Apr, 1985 13:59","19 Apr, 1985 13:55",107,Returned,TRUE,FALSE,,Earth Orbit
"51-B, Challenger",Space Shuttle,"29 Apr, 1985 16:02","6 May, 1985 16:12",108,Returned,TRUE,FALSE,,Earth Orbit
Soyuz T-13,Soyuz-U2,"6 Jun, 1985 6:39","26 Sep, 1985 9:51",109,Returned,TRUE,FALSE,Salyut 7,Other Space station
"51-G, Discovery",Space Shuttle,"17 Jun, 1985 11:33","24 Jun, 1985 13:13",110,Returned,TRUE,FALSE,,Earth Orbit
"51-F, Challenger",Space Shuttle,"29 Jul, 1985 22:00","6 Aug, 1985 20:46",111,Returned,TRUE,FALSE,,Earth Orbit
"51-I, Discovery",Space Shuttle,"27 Aug, 1985 10:58","3 Sep, 1985 13:16",112,Returned,TRUE,FALSE,,Earth Orbit
Soyuz T-14,Soyuz-U2,"17 Sep, 1985 12:38","21 Nov, 1985 10:30",113,Returned,TRUE,FALSE,Salyut 7,Other Space station
"51-J, Atlantis",Space Shuttle,"3 Oct, 1985 15:15","7 Oct, 1985 17:01",114,Returned,TRUE,FALSE,,Earth Orbit
"61-A, Challenger",Space Shuttle,"30 Oct, 1985 17:00","6 Nov, 1985 17:46",115,Returned,TRUE,FALSE,,Earth Orbit
"61-B, Atlantis",Space Shuttle,"27 Nov, 1985 0:29","3 Dec, 1985 21:35",116,Returned,TRUE,FALSE,,Earth Orbit
"61-C, Columbia",Space Shuttle,"12 Jan, 1986 11:55","18 Jan, 1986 14:00",117,Returned,TRUE,FALSE,,Earth Orbit
"51-L, Challenger",Space Shuttle,"28 Jan, 1986 16:38","28 Jan, 1986 16:39",118,Fail-to-land,FALSE,FALSE,,Non-orbital space
Soyuz T-15,Soyuz-U2,"13 Mar, 1986 12:33","16 Jul, 1986 12:34",119,Returned,TRUE,FALSE,"Mir, Salyut 7",Mir
Soyuz TM-2,Soyuz-U2,"5 Feb, 1987 21:38","30 Jul, 1987 1:04",120,Returned,TRUE,FALSE,Mir,Mir
Soyuz TM-3,Soyuz-U2,"22 Jul, 1987 1:59","29 Dec, 1987 9:16",121,Returned,TRUE,FALSE,Mir,Mir
Soyuz TM-4,Soyuz-U2,"21 Dec, 1987 11:18","17 Jun, 1988 10:12",122,Returned,TRUE,FALSE,Mir,Mir
Soyuz TM-5,Soyuz-U2,"7 Jun, 1988 21:38","7 Sep, 1988 8:24",123,Returned,TRUE,FALSE,Mir,Mir
Soyuz TM-6,Soyuz-U2,"29 Aug, 1988 4:23","21 Dec, 1988 9:57",124,Returned,TRUE,FALSE,Mir,Mir
"STS-26, Discovery",Space Shuttle,"29 Sep, 1988 15:37","3 Oct, 1988 16:38",125,Returned,TRUE,FALSE,,Earth Orbit
Soyuz TM-7,Soyuz-U2,"26 Nov, 1988 14:49","27 Apr, 1989 1:57",126,Returned,TRUE,FALSE,Mir,Mir
"STS-27, Atlantis",Space Shuttle,"2 Dec, 1988 14:30","6 Dec, 1988 23:36",127,Returned,TRUE,FALSE,,Earth Orbit
"STS-29, Discovery",Space Shuttle,"13 Mar, 1989 14:57","18 Mar, 1989 14:37",128,Returned,TRUE,FALSE,,Earth Orbit
"STS-30, Atlantis",Space Shuttle,"4 May, 1989 18:46","8 May, 1989 19:44",129,Returned,TRUE,FALSE,,Earth Orbit
"STS-28, Columbia",Space Shuttle,"8 Aug, 1989 12:37","13 Aug, 1989 13:38",130,Returned,TRUE,FALSE,,Earth Orbit
Soyuz TM-8,Soyuz-U2,"5 Sep, 1989 21:38","19 Feb, 1990 4:36",131,Returned,TRUE,FALSE,Mir,Mir
"STS-34, Atlantis",Space Shuttle,"18 Oct, 1989 16:53","23 Oct, 1989 16:33",132,Returned,TRUE,FALSE,,Earth Orbit
"STS-33, Discovery",Space Shuttle,"23 Nov, 1989 0:23","28 Nov, 1989 0:31",133,Returned,TRUE,FALSE,,Earth Orbit
"STS-32, Columbia",Space Shuttle,"9 Jan, 1990 12:35","20 Jan, 1990 9:37",134,Returned,TRUE,FALSE,,Earth Orbit
Soyuz TM-9,Soyuz-U2,"11 Feb, 1990 6:16","9 Aug, 1990 7:34",135,Returned,TRUE,FALSE,Mir,Mir
"STS-36, Atlantis",Space Shuttle,"28 Feb, 1990 7:50","4 Mar, 1990 18:09",136,Returned,TRUE,FALSE,,Earth Orbit
"STS-31, Discovery",Space Shuttle,"24 Apr, 1990 12:33","29 Apr, 1990 13:50",137,Returned,TRUE,FALSE,,Earth Orbit
Soyuz TM-10,Soyuz-U2,"1 Aug, 1990 9:32","10 Dec, 1990 6:08",138,Returned,TRUE,FALSE,Mir,Mir
"STS-41, Discovery",Space Shuttle,"6 Oct, 1990 11:47","10 Oct, 1990 13:58",139,Returned,TRUE,FALSE,,Earth Orbit
"STS-38, Atlantis",Space Shuttle,"15 Nov, 1990 23:48","20 Nov, 1990 21:43",140,Returned,TRUE,FALSE,,Earth Orbit
"STS-35, Columbia",Space Shuttle,"2 Dec, 1990 6:49","11 Dec, 1990 5:55",141,Returned,TRUE,FALSE,,Earth Orbit
Soyuz TM-11,Soyuz-U2,"2 Dec, 1990 8:13","26 May, 1991 10:04",142,Returned,TRUE,FALSE,Mir,Mir
"STS-37, Atlantis",Space Shuttle,"5 Apr, 1991 14:22","11 Apr, 1991 13:56",143,Returned,TRUE,FALSE,,Earth Orbit
"STS-39, Discovery",Space Shuttle,"28 Apr, 1991 11:33","6 May, 1991 18:56",144,Returned,TRUE,FALSE,,Earth Orbit
Soyuz TM-12,Soyuz-U2,"18 May, 1991 12:50","10 Oct, 1991 4:12",145,Returned,TRUE,FALSE,Mir,Mir
"STS-40, Columbia",Space Shuttle,"5 Jun, 1991 13:24","14 Jun, 1991 15:39",146,Returned,TRUE,FALSE,,Earth Orbit
"STS-43, Atlantis",Space Shuttle,"2 Aug, 1991 15:02","11 Aug, 1991 12:24",147,Returned,TRUE,FALSE,,Earth Orbit
"STS-48, Discovery",Space Shuttle,"12 Sep, 1991 23:11","18 Sep, 1991 7:39",148,Returned,TRUE,FALSE,,Earth Orbit
Soyuz TM-13,Soyuz-U2,"2 Oct, 1991 5:59","25 Mar, 1992 8:51",149,Returned,TRUE,FALSE,Mir,Mir
"STS-44, Atlantis",Space Shuttle,"24 Nov, 1991 23:44","1 Dec, 1991 22:36",150,Returned,TRUE,FALSE,,Earth Orbit
"STS-42, Discovery",Space Shuttle,"22 Jan, 1992 14:52","30 Jan, 1992 16:08",151,Returned,TRUE,FALSE,,Earth Orbit
Soyuz TM-14,Soyuz-U2,"17 Mar, 1992 10:54","10 Aug, 1992 1:05",152,Returned,TRUE,FALSE,Mir,Mir
"STS-45, Atlantis",Space Shuttle,"24 Mar, 1992 13:13","2 Apr, 1992 11:23",153,Returned,TRUE,FALSE,,Earth Orbit
"STS-49, Endeavour",Space Shuttle,"7 May, 1992 23:40","16 May, 1992 20:59",154,Returned,TRUE,FALSE,,Earth Orbit
"STS-50, Columbia",Space Shuttle,"25 Jun, 1992 16:12","9 Jul, 1992 11:43",155,Returned,TRUE,FALSE,,Earth Orbit
Soyuz TM-15,Soyuz-U2,"27 Jul, 1992 6:08","1 Feb, 1993 3:49",156,Returned,TRUE,FALSE,Mir,Mir
"STS-46, Atlantis",Space Shuttle,"31 Jul, 1992 13:56","8 Aug, 1992 13:12",157,Returned,TRUE,FALSE,,Earth Orbit
"STS-47, Endeavour",Space Shuttle,"12 Sep, 1992 14:23","20 Sep, 1992 12:54",158,Returned,TRUE,FALSE,,Earth Orbit
"STS-52, Columbia",Space Shuttle,"22 Oct, 1992 17:09","1 Nov, 1992 14:06",159,Returned,TRUE,FALSE,,Earth Orbit
"STS-53, Discovery",Space Shuttle,"2 Dec, 1992 13:24","9 Dec, 1992 20:45",160,Returned,TRUE,FALSE,,Earth Orbit
"STS-54, Endeavour",Space Shuttle,"13 Jan, 1993 13:59","19 Jan, 1993 13:38",161,Returned,TRUE,FALSE,,Earth Orbit
Soyuz TM-16,Soyuz-U2,"24 Jan, 1993 0:58","22 Jul, 1993 1:42",162,Returned,TRUE,FALSE,Mir,Mir
"STS-56, Discovery",Space Shuttle,"8 Apr, 1993 5:29","17 Apr, 1993 11:38",163,Returned,TRUE,FALSE,,Earth Orbit
"STS-55, Columbia",Space Shuttle,"26 Apr, 1993 14:50","6 May, 1993 14:31",164,Returned,TRUE,FALSE,,Earth Orbit
"STS-57, Endeavour",Space Shuttle,"21 Jun, 1993 13:07","1 Jul, 1993 12:53",165,Returned,TRUE,FALSE,,Earth Orbit
Soyuz TM-17,Soyuz-U2,"1 Jul, 1993 14:32","14 Jan, 1994 8:17",166,Returned,TRUE,FALSE,Mir,Mir
"STS-51, Discovery",Space Shuttle,"12 Sep, 1993 11:45","22 Sep, 1993 7:57",167,Returned,TRUE,FALSE,,Earth Orbit
"STS-58, Columbia",Space Shuttle,"18 Oct, 1993 14:53","1 Nov, 1993 15:07",168,Returned,TRUE,FALSE,,Earth Orbit
"STS-61, Endeavour",Space Shuttle,"2 Dec, 1993 9:27","13 Dec, 1993 5:26",169,Returned,TRUE,FALSE,,Earth Orbit
Soyuz TM-18,Soyuz-U2,"8 Jan, 1994 10:05","9 Jul, 1994 10:32",170,Returned,TRUE,FALSE,Mir,Mir
"STS-60, Discovery",Space Shuttle,"3 Feb, 1994 12:10","11 Feb, 1994 19:20",171,Returned,TRUE,FALSE,,Earth Orbit
"STS-62, Columbia",Space Shuttle,"4 Mar, 1994 13:53","18 Mar, 1994 13:11",172,Returned,TRUE,FALSE,,Earth Orbit
"STS-59, Endeavour",Space Shuttle,"9 Apr, 1994 11:05","20 Apr, 1994 16:55",173,Returned,TRUE,FALSE,,Earth Orbit
Soyuz TM-19,Soyuz-U2,"1 Jul, 1994 12:24","4 Nov, 1994 11:18",174,Returned,TRUE,FALSE,Mir,Mir
"STS-65, Columbia",Space Shuttle,"8 Jul, 1994 4:43","22 Jul, 1994 22:39",175,Returned,TRUE,FALSE,,Earth Orbit
"STS-64, Discovery",Space Shuttle,"9 Sep, 1994 22:22","20 Sep, 1994 21:13",176,Returned,TRUE,FALSE,,Earth Orbit
"STS-68, Endeavour",Space Shuttle,"30 Sep, 1994 11:16","11 Oct, 1994 17:03",177,Returned,TRUE,FALSE,,Earth Orbit
Soyuz TM-20,Soyuz-U2,"3 Oct, 1994 22:42","22 Mar, 1995 4:04",178,Returned,TRUE,FALSE,Mir,Mir
"STS-66, Atlantis",Space Shuttle,"3 Nov, 1994 16:59","14 Nov, 1994 15:34",179,Returned,TRUE,FALSE,,Earth Orbit
"STS-63, Discovery",Space Shuttle,"3 Feb, 1995 5:22","11 Feb, 1995 11:52",180,Returned,TRUE,FALSE,,Earth Orbit
"STS-67, Endeavour",Space Shuttle,"2 Mar, 1995 6:38","18 Mar, 1995 21:48",181,Returned,TRUE,FALSE,,Earth Orbit
Soyuz TM-21,Soyuz-U2,"14 Mar, 1995 6:11","11 Sep, 1995 6:52",182,Returned,TRUE,FALSE,Mir,Mir
"STS-71, Atlantis",Space Shuttle,"27 Jun, 1995 19:32","7 Jul, 1995 14:55",183,Returned,TRUE,FALSE,Mir,Mir
"STS-70, Discovery",Space Shuttle,"13 Jul, 1995 13:41","22 Jul, 1995 12:02",184,Returned,TRUE,FALSE,,Earth Orbit
Soyuz TM-22,Soyuz-U2,"3 Sep, 1995 9:00","29 Feb, 1996 10:42",185,Returned,TRUE,FALSE,Mir,Mir
"STS-69, Endeavour",Space Shuttle,"7 Sep, 1995 15:09","18 Sep, 1995 11:39",186,Returned,TRUE,FALSE,,Earth Orbit
"STS-73, Columbia",Space Shuttle,"20 Oct, 1995 13:53","5 Nov, 1995 11:46",187,Returned,TRUE,FALSE,,Earth Orbit
"STS-74, Atlantis",Space Shuttle,"12 Nov, 1995 12:30","20 Nov, 1995 17:02",188,Returned,TRUE,FALSE,Mir,Mir
"STS-72, Endeavour",Space Shuttle,"11 Jan, 1996 9:41","20 Jan, 1996 7:43",189,Returned,TRUE,FALSE,,Earth Orbit
Soyuz TM-23,Soyuz-U,"21 Feb, 1996 12:34","2 Sep, 1996 7:42",190,Returned,TRUE,FALSE,Mir,Mir
"STS-75, Columbia",Space Shuttle,"22 Feb, 1996 20:18","9 Mar, 1996 13:59",191,Returned,TRUE,FALSE,,Earth Orbit
"STS-76, Atlantis",Space Shuttle,"22 Mar, 1996 8:13","31 Mar, 1996 13:30",192,Returned,TRUE,FALSE,Mir,Mir
"STS-77, Endeavour",Space Shuttle,"19 May, 1996 10:30","29 May, 1996 11:10",193,Returned,TRUE,FALSE,,Earth Orbit
"STS-78, Columbia",Space Shuttle,"20 Jun, 1996 14:49","7 Jul, 1996 12:38",194,Returned,TRUE,FALSE,,Earth Orbit
Soyuz TM-24,Soyuz-U,"17 Aug, 1996 13:18","2 Mar, 1997 6:44",195,Returned,TRUE,FALSE,Mir,Mir
"STS-79, Atlantis",Space Shuttle,"16 Sep, 1996 8:54","26 Sep, 1996 12:14",196,Returned,TRUE,FALSE,Mir,Mir
"STS-80, Columbia",Space Shuttle,"19 Nov, 1996 19:55","7 Dec, 1996 11:49",197,Returned,TRUE,FALSE,,Earth Orbit
"STS-81, Atlantis",Space Shuttle,"12 Jan, 1997 9:27","22 Jan, 1997 14:23",198,Returned,TRUE,FALSE,Mir,Mir
Soyuz TM-25,Soyuz-U,"10 Feb, 1997 14:09","14 Aug, 1997 12:17",199,Returned,TRUE,FALSE,Mir,Mir
"STS-82, Discovery",Space Shuttle,"11 Feb, 1997 8:55","21 Feb, 1997 8:33",200,Returned,TRUE,FALSE,,Earth Orbit
"STS-83, Columbia",Space Shuttle,"4 Apr, 1997 19:20","8 Apr, 1997 18:34",201,Returned,TRUE,FALSE,,Earth Orbit
"STS-84, Atlantis",Space Shuttle,"15 May, 1997 8:07","24 May, 1997 13:28",202,Returned,TRUE,FALSE,Mir,Mir
"STS-94, Columbia",Space Shuttle,"1 Jul, 1997 18:02","17 Jul, 1997 10:48",203,Returned,TRUE,FALSE,,Earth Orbit
Soyuz TM-26,Soyuz-U,"5 Aug, 1997 15:35","19 Feb, 1998 9:10",204,Returned,TRUE,FALSE,Mir,Mir
"STS-85, Discovery",Space Shuttle,"7 Aug, 1997 14:41","19 Aug, 1997 11:09",205,Returned,TRUE,FALSE,,Earth Orbit
"STS-86, Atlantis",Space Shuttle,"25 Sep, 1997 14:34","6 Oct, 1997 9:56",206,Returned,TRUE,FALSE,Mir,Mir
"STS-87, Columbia",Space Shuttle,"19 Nov, 1997 19:46","5 Dec, 1997 12:21",207,Returned,TRUE,FALSE,,Earth Orbit
"STS-89, Endeavour",Space Shuttle,"23 Jan, 1998 2:48","31 Jan, 1998 22:36",208,Returned,TRUE,FALSE,Mir,Mir
Soyuz TM-27,Soyuz-U,"29 Jan, 1998 16:33","25 Aug, 1998 5:24",209,Returned,TRUE,FALSE,Mir,Mir
"STS-90, Columbia",Space Shuttle,"17 Apr, 1998 18:19","3 May, 1998 16:10",210,Returned,TRUE,FALSE,,Earth Orbit
"STS-91, Discovery",Space Shuttle,"2 Jun, 1998 22:06","12 Jun, 1998 18:01",211,Returned,TRUE,FALSE,Mir,Mir
Soyuz TM-28,Soyuz-U,"13 Aug, 1998 9:43","28 Feb, 1999 2:14",212,Returned,TRUE,FALSE,Mir,Mir
"STS-95, Discovery",Space Shuttle,"29 Oct, 1998 19:19","7 Nov, 1998 17:04",213,Returned,TRUE,FALSE,,Earth Orbit
"STS-88, Endeavour",Space Shuttle,"4 Dec, 1998 8:35","16 Dec, 1998 3:54",214,Returned,TRUE,FALSE,ISS,ISS
Soyuz TM-29,Soyuz-U,"20 Feb, 1999 4:18","28 Aug, 1999 0:34",215,Returned,TRUE,FALSE,Mir,Mir
"STS-96, Discovery",Space Shuttle,"27 May, 1999 10:49","6 Jun, 1999 6:03",216,Returned,TRUE,FALSE,ISS,ISS
"STS-93, Columbia",Space Shuttle,"23 Jul, 1999 4:31","28 Jul, 1999 3:21",217,Returned,TRUE,FALSE,,Earth Orbit
"STS-103, Discovery",Space Shuttle,"20 Dec, 1999 0:50","28 Dec, 1999 0:02",218,Returned,TRUE,FALSE,,Earth Orbit
"STS-99, Endeavour",Space Shuttle,"11 Feb, 2000 16:43","22 Feb, 2000 22:23",219,Returned,TRUE,FALSE,,Earth Orbit
Soyuz TM-30,Soyuz-U,"4 Apr, 2000 5:01","16 Jun, 2000 0:43",220,Returned,TRUE,FALSE,Mir,Mir
"STS-101, Atlantis",Space Shuttle,"19 May, 2000 10:11","29 May, 2000 6:21",221,Returned,TRUE,FALSE,ISS,ISS
"STS-106, Atlantis",Space Shuttle,"8 Sep, 2000 12:45","20 Sep, 2000 7:57",222,Returned,TRUE,FALSE,ISS,ISS
"STS-92, Discovery",Space Shuttle,"11 Oct, 2000 23:17","24 Oct, 2000 21:01",223,Returned,TRUE,FALSE,ISS,ISS
Soyuz TM-31,Soyuz-U,"31 Oct, 2000 7:52","6 May, 2001 5:41",224,Returned,TRUE,FALSE,ISS,ISS
"STS-97, Endeavour",Space Shuttle,"1 Dec, 2000 3:06","11 Dec, 2000 23:04",225,Returned,TRUE,FALSE,ISS,ISS
"STS-98, Atlantis",Space Shuttle,"7 Feb, 2001 23:13","20 Feb, 2001 20:34",226,Returned,TRUE,FALSE,ISS,ISS
"STS-102, Discovery",Space Shuttle,"8 Mar, 2001 11:42","21 Mar, 2001 7:33",227,Returned,TRUE,FALSE,ISS,ISS
"STS-100, Endeavour",Space Shuttle,"19 Apr, 2001 18:40","1 May, 2001 16:11",228,Returned,TRUE,FALSE,ISS,ISS
Soyuz TM-32,Soyuz-U,"28 Apr, 2001 7:37","31 Oct, 2001 5:00",229,Returned,TRUE,FALSE,ISS,ISS
"STS-104, Atlantis",Space Shuttle,"12 Jul, 2001 9:03","25 Jul, 2001 3:40",230,Returned,TRUE,FALSE,ISS,ISS
"STS-105, Discovery",Space Shuttle,"10 Aug, 2001 21:10","22 Aug, 2001 18:24",231,Returned,TRUE,FALSE,ISS,ISS
Soyuz TM-33,Soyuz-U,"21 Oct, 2001 8:59","5 May, 2002 3:51",232,Returned,TRUE,FALSE,ISS,ISS
"STS-108, Endeavour",Space Shuttle,"5 Dec, 2001 22:19","17 Dec, 2001 17:56",233,Returned,TRUE,FALSE,ISS,ISS
"STS-109, Columbia",Space Shuttle,"1 Mar, 2002 11:22","12 Mar, 2002 9:33",234,Returned,TRUE,FALSE,,Earth Orbit
"STS-110, Atlantis",Space Shuttle,"8 Apr, 2002 20:44","19 Apr, 2002 16:28",235,Returned,TRUE,FALSE,ISS,ISS
Soyuz TM-34,Soyuz-U,"25 Apr, 2002 6:26","10 Nov, 2002 0:04",236,Returned,TRUE,FALSE,ISS,ISS
"STS-111, Endeavour",Space Shuttle,"5 Jun, 2002 21:22","19 Jun, 2002 17:58",237,Returned,TRUE,FALSE,ISS,ISS
"STS-112, Atlantis",Space Shuttle,"7 Oct, 2002 19:45","18 Oct, 2002 15:44",238,Returned,TRUE,FALSE,ISS,ISS
Soyuz TMA-1,Soyuz-FG,"30 Oct, 2002 3:11","4 May, 2003 2:04",239,Returned,TRUE,FALSE,ISS,ISS
"STS-113, Endeavour",Space Shuttle,"24 Nov, 2002 0:49","7 Dec, 2002 19:38",240,Returned,TRUE,FALSE,ISS,ISS
"STS-107, Columbia",Space Shuttle,"16 Jan, 2003 15:39","1 Feb, 2003 13:59",241,Fail-to-land,TRUE,FALSE,,Earth Orbit
Soyuz TMA-2,Soyuz-FG,"26 Apr, 2003 3:53","27 Oct, 2003 2:39",242,Returned,TRUE,FALSE,ISS,ISS
Shenzhou 5,Long March 2F,"15 Oct, 2003 1:00","15 Oct, 2003 22:22",243,Returned,TRUE,FALSE,,Earth Orbit
Soyuz TMA-3,Soyuz-FG,"18 Oct, 2003 5:38","30 Apr, 2004 0:11",244,Returned,TRUE,FALSE,ISS,ISS
Soyuz TMA-4,Soyuz-FG,"19 Apr, 2004 3:19","24 Oct, 2004 0:35",245,Returned,TRUE,FALSE,ISS,ISS
"SpaceShipOne, Flight 15",SpaceShipOne,"21 Jun, 2004 14:47","21 Jun, 2004 15:11",246,Returned,FALSE,FALSE,,Non-orbital space
"SpaceShipOne, Flight 16",SpaceShipOne,"29 Sep, 2004 15:12","29 Sep, 2004 15:36",247,Returned,FALSE,FALSE,,Non-orbital space
"SpaceShipOne, Flight 17",SpaceShipOne,"4 Oct, 2004 14:49","4 Oct, 2004 15:12",248,Returned,FALSE,FALSE,,Non-orbital space
Soyuz TMA-5,Soyuz-FG,"14 Oct, 2004 3:06","24 Apr, 2005 22:08",249,Returned,TRUE,FALSE,ISS,ISS
Soyuz TMA-6,Soyuz-FG,"15 Apr, 2005 0:46","11 Oct, 2005 1:09",250,Returned,TRUE,FALSE,ISS,ISS
"STS-114, Discovery",Space Shuttle,"26 Jul, 2005 14:39","9 Aug, 2005 12:12",251,Returned,TRUE,FALSE,ISS,ISS
Soyuz TMA-7,Soyuz-FG,"1 Oct, 2005 3:54","8 Apr, 2006 23:47",252,Returned,TRUE,FALSE,ISS,ISS
Shenzhou 6,Long March 2F,"12 Oct, 2005 1:00","16 Oct, 2005 20:33",253,Returned,TRUE,FALSE,,Earth Orbit
Soyuz TMA-8,Soyuz-FG,"30 Mar, 2006 2:30","29 Sep, 2006 1:13",254,Returned,TRUE,FALSE,ISS,ISS
"STS-121, Discovery",Space Shuttle,"4 Jul, 2006 18:37","17 Jul, 2006 13:14",255,Returned,TRUE,FALSE,ISS,ISS
"STS-115, Atlantis",Space Shuttle,"9 Sep, 2006 15:14","21 Sep, 2006 10:21",256,Returned,TRUE,FALSE,ISS,ISS
Soyuz TMA-9,Soyuz-FG,"18 Sep, 2006 4:08","21 Apr, 2007 12:31",257,Returned,TRUE,FALSE,ISS,ISS
"STS-116, Discovery",Space Shuttle,"9 Dec, 2006 0:47","21 Dec, 2006 21:32",258,Returned,TRUE,FALSE,ISS,ISS
Soyuz TMA-10,Soyuz-FG,"7 Apr, 2007 17:31","21 Oct, 2007 10:36",259,Returned,TRUE,FALSE,ISS,ISS
"STS-117, Atlantis",Space Shuttle,"8 Jun, 2007 23:38","22 Jun, 2007 19:50",260,Returned,TRUE,FALSE,ISS,ISS
"STS-118, Endeavour",Space Shuttle,"8 Aug, 2007 22:36","21 Aug, 2007 16:32",261,Returned,TRUE,FALSE,ISS,ISS
Soyuz TMA-11,Soyuz-FG,"10 Oct, 2007 13:22","19 Apr, 2008 8:29",262,Returned,TRUE,FALSE,ISS,ISS
"STS-120, Discovery",Space Shuttle,"23 Oct, 2007 3:38","7 Nov, 2007 6:02",263,Returned,TRUE,FALSE,ISS,ISS
"STS-122, Atlantis",Space Shuttle,"7 Feb, 2008 19:45","20 Feb, 2008 14:07",264,Returned,TRUE,FALSE,ISS,ISS
"STS-123, Endeavour",Space Shuttle,"11 Mar, 2008 6:28","27 Mar, 2008 0:40",265,Returned,TRUE,FALSE,ISS,ISS
Soyuz TMA-12,Soyuz-FG,"8 Apr, 2008 11:16","24 Oct, 2008 3:36",266,Returned,TRUE,FALSE,ISS,ISS
"STS-124, Discovery",Space Shuttle,"31 May, 2008 21:02","14 Jun, 2008 15:15",267,Returned,TRUE,FALSE,ISS,ISS
Shenzhou 7,Long March 2F,"25 Sep, 2008 13:10","28 Sep, 2008 9:37",268,Returned,TRUE,FALSE,,Earth Orbit
Soyuz TMA-13,Soyuz-FG,"12 Oct, 2008 7:01","8 Apr, 2009 7:15",269,Returned,TRUE,FALSE,ISS,ISS
"STS-126, Endeavour",Space Shuttle,"15 Nov, 2008 0:55","30 Nov, 2008 21:25",270,Returned,TRUE,FALSE,ISS,ISS
"STS-119, Discovery",Space Shuttle,"15 Mar, 2009 23:43","28 Mar, 2009 19:13",271,Returned,TRUE,FALSE,ISS,ISS
Soyuz TMA-14,Soyuz-FG,"26 Mar, 2009 11:49","11 Oct, 2009 4:31",272,Returned,TRUE,FALSE,ISS,ISS
"STS-125, Atlantis",Space Shuttle,"11 May, 2009 18:01","24 May, 2009 15:38",273,Returned,TRUE,FALSE,,Earth Orbit
Soyuz TMA-15,Soyuz-FG,"27 May, 2009 10:34","1 Dec, 2009 7:15",274,Returned,TRUE,FALSE,ISS,ISS
"STS-127, Endeavour",Space Shuttle,"15 Jul, 2009 22:03","31 Jul, 2009 14:48",275,Returned,TRUE,FALSE,ISS,ISS
"STS-128, Discovery",Space Shuttle,"29 Aug, 2009 3:59","12 Sep, 2009 0:53",276,Returned,TRUE,FALSE,ISS,ISS
Soyuz TMA-16,Soyuz-FG,"30 Sep, 2009 7:14","18 Mar, 2010 11:24",277,Returned,TRUE,FALSE,ISS,ISS
"STS-129, Atlantis",Space Shuttle,"16 Nov, 2009 19:28","27 Nov, 2009 14:44",278,Returned,TRUE,FALSE,ISS,ISS
Soyuz TMA-17,Soyuz-FG,"20 Dec, 2009 21:52","2 Jun, 2010 3:24",279,Returned,TRUE,FALSE,ISS,ISS
"STS-130, Endeavour",Space Shuttle,"8 Feb, 2010 9:14","22 Feb, 2010 3:22",280,Returned,TRUE,FALSE,ISS,ISS
Soyuz TMA-18,Soyuz-FG,"2 Apr, 2010 4:04","25 Sep, 2010 5:23",281,Returned,TRUE,FALSE,ISS,ISS
"STS-131, Discovery",Space Shuttle,"5 Apr, 2010 10:21","20 Apr, 2010 13:08",282,Returned,TRUE,FALSE,ISS,ISS
"STS-132, Atlantis",Space Shuttle,"14 May, 2010 18:20","26 May, 2010 12:49",283,Returned,TRUE,FALSE,ISS,ISS
Soyuz TMA-19,Soyuz-FG,"15 Jun, 2010 21:35","26 Nov, 2010 4:46",284,Returned,TRUE,FALSE,ISS,ISS
Soyuz TMA-01M,Soyuz-FG,"7 Oct, 2010 23:10","16 Mar, 2011 7:53",285,Returned,TRUE,FALSE,ISS,ISS
Soyuz TMA-20,Soyuz-FG,"15 Dec, 2010 19:09","24 May, 2011 2:27",286,Returned,TRUE,FALSE,ISS,ISS
"STS-133, Discovery",Space Shuttle,"24 Feb, 2011 21:53","9 Mar, 2011 16:58",287,Returned,TRUE,FALSE,ISS,ISS
Soyuz TMA-21,Soyuz-FG,"4 Apr, 2011 22:18","16 Sep, 2011 3:59",288,Returned,TRUE,FALSE,ISS,ISS
"STS-134, Endeavour",Space Shuttle,"16 May, 2011 12:56","1 Jun, 2011 6:35",289,Returned,TRUE,FALSE,ISS,ISS
Soyuz TMA-02M,Soyuz-FG,"7 Jun, 2011 20:12","22 Nov, 2011 2:26",290,Returned,TRUE,FALSE,ISS,ISS
"STS-135, Atlantis",Space Shuttle,"8 Jul, 2011 15:29","21 Jul, 2011 9:58",291,Returned,TRUE,FALSE,ISS,ISS
Soyuz TMA-22,Soyuz-FG,"14 Nov, 2011 4:14","27 Apr, 2012 11:45",292,Returned,TRUE,FALSE,ISS,ISS
Soyuz TMA-03M,Soyuz-FG,"21 Dec, 2011 13:16","1 Jul, 2012 8:14",293,Returned,TRUE,FALSE,ISS,ISS
Soyuz TMA-04M,Soyuz-FG,"15 May, 2012 3:01","17 Sep, 2012 2:53",294,Returned,TRUE,FALSE,ISS,ISS
Shenzhou 9,Long March 2F,"16 Jun, 2012 10:37","29 Jun, 2012 2:01",295,Returned,TRUE,FALSE,Tiangong-1,Other Space station
Soyuz TMA-05M,Soyuz-FG,"15 Jul, 2012 2:40","19 Nov, 2012 1:53",296,Returned,TRUE,FALSE,ISS,ISS
Soyuz TMA-06M,Soyuz-FG,"23 Oct, 2012 10:51","16 Mar, 2013 3:11",297,Returned,TRUE,FALSE,ISS,ISS
Soyuz TMA-07M,Soyuz-FG,"19 Dec, 2012 12:12","14 May, 2013 2:30",298,Returned,TRUE,FALSE,ISS,ISS
Soyuz TMA-08M,Soyuz-FG,"28 Mar, 2013 20:43","11 Sep, 2013 2:58",299,Returned,TRUE,FALSE,ISS,ISS
Soyuz TMA-09M,Soyuz-FG,"28 May, 2013 20:31","11 Nov, 2013 2:49",300,Returned,TRUE,FALSE,ISS,ISS
Shenzhou 10,Long March 2F,"11 Jun, 2013 9:38","26 Jun, 2013 0:07",301,Returned,TRUE,FALSE,Tiangong-1,Other Space station
Soyuz TMA-10M,Soyuz-FG,"25 Sep, 2013 20:58","11 Mar, 2014 3:23",302,Returned,TRUE,FALSE,ISS,ISS
Soyuz TMA-11M,Soyuz-FG,"7 Nov, 2013 4:14","14 May, 2014 1:58",303,Returned,TRUE,FALSE,ISS,ISS
Soyuz TMA-12M,Soyuz-FG,"25 Mar, 2014 21:17","11 Sep, 2014 2:23",304,Returned,TRUE,FALSE,ISS,ISS
Soyuz TMA-13M,Soyuz-FG,"28 May, 2014 19:57","10 Nov, 2014 3:57",305,Returned,TRUE,FALSE,ISS,ISS
Soyuz TMA-14M,Soyuz-FG,"25 Sep, 2014 20:25","12 Mar, 2015 2:07",306,Returned,TRUE,FALSE,ISS,ISS
Soyuz TMA-15M,Soyuz-FG,"23 Nov, 2014 21:01","11 Jun, 2015 13:44",307,Returned,TRUE,FALSE,ISS,ISS
Soyuz TMA-16M,Soyuz-FG,"27 Mar, 2015 19:42","12 Sep, 2015 0:50",308,Returned,TRUE,FALSE,ISS,ISS
Soyuz TMA-17M,Soyuz-FG,"22 Jul, 2015 21:02","11 Dec, 2015 13:12",309,Returned,TRUE,FALSE,ISS,ISS
Soyuz TMA-18M,Soyuz-FG,"2 Sep, 2015 4:37","2 Mar, 2016 4:25",310,Returned,TRUE,FALSE,ISS,ISS
Soyuz TMA-19M,Soyuz-FG,"15 Dec, 2015 11:03","18 Jun, 2016 9:15",311,Returned,TRUE,FALSE,ISS,ISS
Soyuz TMA-20M,Soyuz-FG,"18 Mar, 2016 21:26","7 Sep, 2016 1:13",312,Returned,TRUE,FALSE,ISS,ISS
Soyuz MS-01,Soyuz-FG,"7 Jul, 2016 1:36","30 Oct, 2016 3:58",313,Returned,TRUE,FALSE,ISS,ISS
Shenzhou 11,Long March 2F,"16 Oct, 2016 23:30","18 Nov, 2016 5:59",314,Returned,TRUE,FALSE,Tiangong-2,Other Space station
Soyuz MS-02,Soyuz-FG,"19 Oct, 2016 8:05","10 Apr, 2017 11:20",315,Returned,TRUE,FALSE,ISS,ISS
Soyuz MS-03,Soyuz-FG,"17 Nov, 2016 20:17","2 Jun, 2017 14:10",316,Returned,TRUE,FALSE,ISS,ISS
Soyuz MS-04,Soyuz-FG,"2 Apr, 2017 7:13","3 Sep, 2017 1:22",317,Returned,TRUE,FALSE,ISS,ISS
Soyuz MS-05,Soyuz-FG,"28 Jul, 2017 15:41","14 Dec, 2017 8:38",318,Returned,TRUE,FALSE,ISS,ISS
Soyuz MS-06,Soyuz-FG,"12 Sep, 2017 21:17","28 Feb, 2018 2:31",319,Returned,TRUE,FALSE,ISS,ISS
Soyuz MS-07,Soyuz-FG,"17 Dec, 2017 7:21","3 Jun, 2018 12:39",320,Returned,TRUE,FALSE,ISS,ISS
Soyuz MS-08,Soyuz-FG,"21 Mar, 2018 17:44","4 Oct, 2018 11:45",321,Returned,TRUE,FALSE,ISS,ISS
Soyuz MS-09,Soyuz-FG,"6 Jun, 2018 11:12","20 Dec, 2018 5:02",322,Returned,TRUE,FALSE,ISS,ISS
Soyuz MS-10,Soyuz-FG,"11 Oct, 2018 8:40","11 Oct, 2018 8:59",323,Returned,FALSE,FALSE,,Non-orbital space
Soyuz MS-11,Soyuz-FG,"3 Dec, 2018 11:31","25 Jun, 2019 2:47",324,Returned,TRUE,FALSE,ISS,ISS
Soyuz MS-12,Soyuz-FG,"14 Mar, 2019 19:14","3 Oct, 2019 10:59",325,Returned,TRUE,FALSE,ISS,ISS
Soyuz MS-13,Soyuz-FG,"20 Jul, 2019 16:28","6 Feb, 2020 9:12",326,Returned,TRUE,FALSE,ISS,ISS
Soyuz MS-15,Soyuz-FG,"25 Sep, 2019 13:57","17 Apr, 2020 5:16",327,Returned,TRUE,FALSE,ISS,ISS
Soyuz MS-16,Soyuz-2.1a,"9 Apr, 2020 8:05",,328,Active,TRUE,FALSE,ISS,ISS
SpaceX Demo-2,Falcon 9 FT,"30 May, 2020 19:22","2 Aug, 2020 18:48",329,Returned,TRUE,FALSE,ISS,ISS
